{"cameraMode":{"drawMode":0,"name":"Shaded","section":"Shading Mode"},"sceneLighting":true,"audioPlay":false,"sceneViewState":{"showFog":true,"showMaterialUpdate":false,"showSkybox":true,"showFlares":true,"showImageEffects":true,"showParticleSystems":true},"in2DMode":false,"pivot":{"x":-0.029487788677215577,"y":0.02713194489479065,"z":0.008730560541152954},"rotation":{"x":-0.09085752815008164,"y":0.8988804221153259,"z":-0.22312672436237336,"w":-0.3660252094268799},"size":0.1981072723865509,"orthographic":false}